{
  "General": {
    "DisplayLoliScriptOnLoad": false,
    "RecommendedBots": true,
    "ChangeRunnerInterface": false,
    "DisableQuitWarning": false,
    "DisableNotSavedWarning": false,
    "DefaultAuthor": "",
    "EnableLogging": false,
    "LogToFile": false,
    "LiveConfigUpdates": false,
    "DisableHTMLView": false,
    "AlwaysOnTop": false,
    "AutoCreateRunner": false,
    "PersistDebuggerLog": false,
    "DisableSyntaxHelper": false,
    "DisplayCapturesLast": false
  },
  "Sounds": {
    "EnableSounds": false,
    "OnHitSound": "rifle_hit.wav",
    "OnReloadSound": "rifle_reload.wav"
  },
  "Themes": {
    "BackgroundMain": "#222",
    "BackgroundSecondary": "#111",
    "ForegroundMain": "#dcdcdc",
    "ForegroundGood": "#adff2f",
    "ForegroundBad": "#ff6347",
    "ForegroundCustom": "#ff8c00",
    "ForegroundRetry": "#ffff00",
    "ForegroundToCheck": "#7fffd4",
    "ForegroundMenuSelected": "#1e90ff",
    "UseImage": false,
    "BackgroundImage": "",
    "BackgroundImageOpacity": 100,
    "BackgroundLogo": "",
    "EnableSnow": false,
    "SnowAmount": 100,
    "AllowTransparency": false
  }
}